Patagonia Windstopper/Primaloft Winter Sun Jkt, XS;https://www.avito.ru/moskva/odezhda_obuv_aksessuary/patagonia_windstopperprimaloft_winter_sun_jkt_xs_1042479085;15000;м.Менделеевская
Patagonia WS Down Sweater Vest Mreg;https://www.avito.ru/moskva/odezhda_obuv_aksessuary/patagonia_ws_down_sweater_vest_mreg_1086358856;6666;м.Раменки
Patagonia Nano-air толстовка;https://www.avito.ru/moskva/odezhda_obuv_aksessuary/patagonia_nano-air_tolstovka_1560441464;16500;м.Октябрьская
"Patagonia Backcountry Guide Pant 36"" regular";https://www.avito.ru/moskva/odezhda_obuv_aksessuary/patagonia_backcountry_guide_pant_36_regular_1126178489;12221;м.Раменки
Patagonia Regular Fit Jeans б/у;https://www.avito.ru/moskva/odezhda_obuv_aksessuary/patagonia_regular_fit_jeans_bu_925527408;2000;м.Медведково
Patagonia Hyper Puff;https://www.avito.ru/moskva/odezhda_obuv_aksessuary/patagonia_hyper_puff_1182445858;8000;м.Тушинская
Patagonia;https://www.avito.ru/moskva/odezhda_obuv_aksessuary/patagonia_1038748558;3500;м.Планерная
Patagonia Addict Selvedge Denim;https://www.avito.ru/moskva/odezhda_obuv_aksessuary/patagonia_addict_selvedge_denim_956092998;2800;
Patagonia Rain Shadow L reg;https://www.avito.ru/moskva/odezhda_obuv_aksessuary/patagonia_rain_shadow_l_reg_992094807;8558;м.Раменки
Patagonia флис Synchilla толстовка;https://www.avito.ru/moskva/odezhda_obuv_aksessuary/patagonia_flis_synchilla_tolstovka_1253048100;2700;м.Площадь революции
Patagonia Ultralite Down Vest 800 L reg;https://www.avito.ru/moskva/odezhda_obuv_aksessuary/patagonia_ultralite_down_vest_800_l_reg_543832004;8558;м.Раменки
Patagonia чудо боты 11,5D;https://www.avito.ru/moskva/odezhda_obuv_aksessuary/patagonia_chudo_boty_115d_955304765;5995;м.Раменки
Patagonia Aliso Jacket женская;https://www.avito.ru/moskva/odezhda_obuv_aksessuary/patagonia_aliso_jacket_zhenskaya_931399301;8008;м.Раменки
Patagonia Levitation Hoody;https://www.avito.ru/moskva/odezhda_obuv_aksessuary/patagonia_levitation_hoody_959535825;6000;м.Первомайская
Patagonia Стёганая Куртка;https://www.avito.ru/moskva/odezhda_obuv_aksessuary/patagonia_steganaya_kurtka_1384068420;9500;м.Кутузовская
Patagonia M размер;https://www.avito.ru/moskva/odezhda_obuv_aksessuary/patagonia_m_razmer_1037206300;1400;м.Академическая
Куртка ветровка мембранная Patagonia Torrentshell;https://www.avito.ru/moskva/odezhda_obuv_aksessuary/kurtka_vetrovka_membrannaya_patagonia_torrentshell_1003452047;4000;м.Октябрьское поле
Куртка пуховик Patagonia;https://www.avito.ru/moskva/odezhda_obuv_aksessuary/kurtka_puhovik_patagonia_1446079699;5000;м.Октябрьское поле
Дождевик Patagonia мембрана;https://www.avito.ru/moskva/odezhda_obuv_aksessuary/dozhdevik_patagonia_membrana_1325843265;2400;м.Сходненская
Куртка Patagonia Tech Fleece Hoody Jacket Feather;https://www.avito.ru/moskva/odezhda_obuv_aksessuary/kurtka_patagonia_tech_fleece_hoody_jacket_feather_1490826246;4500;м.Автозаводская
Куртка-бомбер Patagonia;https://www.avito.ru/moskva/odezhda_obuv_aksessuary/kurtka-bomber_patagonia_1390774858;3000;м.Юго-Западная
Rare куртка с капюшоном Patagonia 54-56;https://www.avito.ru/moskva/odezhda_obuv_aksessuary/rare_kurtka_s_kapyushonom_patagonia_54-56_1196679676;7500;м.Чистые пруды
Patagonia штаны трансформеры (33);https://www.avito.ru/moskva/odezhda_obuv_aksessuary/patagonia_shtany_transformery_33_1614595493;1000;м.Аэропорт
Флиска Patagonia, S;https://www.avito.ru/moskva/odezhda_obuv_aksessuary/fliska_patagonia_s_1116071526;3500;м.Парк культуры
Куртка patagonia;https://www.avito.ru/moskva/odezhda_obuv_aksessuary/kurtka_patagonia_1627775853;2500;м.Селигерская
Бейсболка Patagonia;https://www.avito.ru/moskva/odezhda_obuv_aksessuary/beysbolka_patagonia_1652277084;2000;м.Октябрьская
Сумка на плечо Patagonia;https://www.avito.ru/moskva/odezhda_obuv_aksessuary/sumka_na_plecho_patagonia_1247800907;2500;м.Бабушкинская
Patagonia hat шапка;https://www.avito.ru/moskva/odezhda_obuv_aksessuary/patagonia_hat_shapka_1619770283;350;м.Академическая
Patagonia шорты;https://www.avito.ru/moskva/odezhda_obuv_aksessuary/patagonia_shorty_1648804171;800;м.Крымская
Штаны утеплённые Patagonia;https://www.avito.ru/moskva/odezhda_obuv_aksessuary/shtany_uteplennye_patagonia_1399261379;10000;м.Охотный ряд
Patagonia мужская зимняя куртка XL;https://www.avito.ru/moskva/odezhda_obuv_aksessuary/patagonia_muzhskaya_zimnyaya_kurtka_xl_1553710128;20000;м.Пражская
Patagonia;https://www.avito.ru/moskva/odezhda_obuv_aksessuary/patagonia_1661698414;4000;м.Новогиреево
Термо белье новое Patagonia Capilene;https://www.avito.ru/moskva/odezhda_obuv_aksessuary/termo_bele_novoe_patagonia_capilene_1070467220;1700;м.Митино
Жилет patagonia down sweater;https://www.avito.ru/moskva/odezhda_obuv_aksessuary/zhilet_patagonia_down_sweater_1210998817;4890;м.Нижегородская
Куртка Patagonia Down Sweater;https://www.avito.ru/moskva/odezhda_obuv_aksessuary/kurtka_patagonia_down_sweater_1561429317;7890;м.Нижегородская
Куртка Patagonia Insulated Snowbelle, рр L, б/у;https://www.avito.ru/moskva/odezhda_obuv_aksessuary/kurtka_patagonia_insulated_snowbelle_rr_l_bu_1704195364;7500;м.Белорусская
Рубашка Patagonia;https://www.avito.ru/moskva/odezhda_obuv_aksessuary/rubashka_patagonia_1028521651;1160;м.Бибирево
Футболка Patagonia M;https://www.avito.ru/moskva/odezhda_obuv_aksessuary/futbolka_patagonia_m_1552039516;2000;м.Курская
Ветровка patagonia;https://www.avito.ru/moskva/odezhda_obuv_aksessuary/vetrovka_patagonia_1495852356;1500;м.Люблино
Ботинки Patagonia Nomad Hiking Boots 11,5D;https://www.avito.ru/moskva/odezhda_obuv_aksessuary/botinki_patagonia_nomad_hiking_boots_115d_930088097;12021;м.Раменки
Куртка Patagonia Torrentshell Anorak Новая;https://www.avito.ru/moskva/odezhda_obuv_aksessuary/kurtka_patagonia_torrentshell_anorak_novaya_1507410125;5000;м.Аннино
Ботинки новые США Patagonia;https://www.avito.ru/moskva/odezhda_obuv_aksessuary/botinki_novye_ssha_patagonia_1071095412;2500;м.Семеновская
Шорты Patagonia;https://www.avito.ru/moskva/odezhda_obuv_aksessuary/shorty_patagonia_1288903263;2000;м.Профсоюзная
Бейсболка/кепка Patagonia original;https://www.avito.ru/moskva/odezhda_obuv_aksessuary/beysbolkakepka_patagonia_original_1673917799;2000;м.Алтуфьево
Флисовая куртка patagonia-better sweater JKT-black;https://www.avito.ru/moskva/odezhda_obuv_aksessuary/flisovaya_kurtka_patagonia-better_sweater_jkt-black_1464179003;5000;м.Сокол
Флисовое худи Patagonia;https://www.avito.ru/moskva/odezhda_obuv_aksessuary/flisovoe_hudi_patagonia_1596691165;2500;м.Киевская
Champion PoloSport Fila Kappa Tnf Patagonia;https://www.avito.ru/moskva/odezhda_obuv_aksessuary/champion_polosport_fila_kappa_tnf_patagonia_1604051739;3500;м.Динамо
Парка Patagonia DAS Parka;https://www.avito.ru/moskva/odezhda_obuv_aksessuary/parka_patagonia_das_parka_964549070;18000;м.Библиотека им. Ленина
The North Face Vintage Patagonia Berghaus Helly Ha;https://www.avito.ru/moskva/odezhda_obuv_aksessuary/the_north_face_vintage_patagonia_berghaus_helly_ha_1526401260;7000;м.Электрозаводская
Куртка patagonia;https://www.avito.ru/moskva/odezhda_obuv_aksessuary/kurtka_patagonia_743858818;5500;м.ВДНХ
Patagonia Fleece Jacket;https://www.avito.ru/moskva/odezhda_obuv_aksessuary/patagonia_fleece_jacket_1719700022;5500;м.Баррикадная
Patagonia куртка;https://www.avito.ru/moskva/odezhda_obuv_aksessuary/patagonia_kurtka_1674552768;3000;м.Сходненская
Флисовая кофта Patagonia;https://www.avito.ru/moskva_zelenograd/odezhda_obuv_aksessuary/flisovaya_kofta_patagonia_1459054581?slocation=637640;1900;Зеленоград
Куртка patagonia M's Rubicon Rider Jkt 29435;https://www.avito.ru/moskva_zelenograd/odezhda_obuv_aksessuary/kurtka_patagonia_ms_rubicon_rider_jkt_29435_1639599268?slocation=637640;15000;Зеленоград
Patagonia флис;https://www.avito.ru/moskva/odezhda_obuv_aksessuary/patagonia_flis_1291223201;2500;м.Аннино
Шорты Patagonia обмен пересыл;https://www.avito.ru/moskva/odezhda_obuv_aksessuary/shorty_patagonia_obmen_peresyl_1256942586;1000;м.Тушинская
Лыжный костюм Patagonia;https://www.avito.ru/moskva/odezhda_obuv_aksessuary/lyzhnyy_kostyum_patagonia_1135636570;12000;м.Трубная
Брюки Patagonia GI iii Pant;https://www.avito.ru/moskva/odezhda_obuv_aksessuary/bryuki_patagonia_gi_iii_pant_76157194;4500;м.Бабушкинская
Новые брюки Patagonia gore tex;https://www.avito.ru/moskva/odezhda_obuv_aksessuary/novye_bryuki_patagonia_gore_tex_979347290;18000;м.Киевская
Толстовка Patagonia 42 (новая);https://www.avito.ru/moskva/odezhda_obuv_aksessuary/tolstovka_patagonia_42_novaya_1539268750;3900;м.Калужская
Рубашка фланель Patagonia, размер 44 новая;https://www.avito.ru/moskva/odezhda_obuv_aksessuary/rubashka_flanel_patagonia_razmer_44_novaya_1235515509;4000;м.Октябрьское поле
Оригинальная Patagonia;https://www.avito.ru/moskva/odezhda_obuv_aksessuary/originalnaya_patagonia_1535219150;500;м.Электрозаводская
Брюки Patagonia (зима);https://www.avito.ru/moskva/odezhda_obuv_aksessuary/bryuki_patagonia_zima_690058090;4000;м.Перово
Куртка Patagonia Torrentshell;https://www.avito.ru/moskva/odezhda_obuv_aksessuary/kurtka_patagonia_torrentshell_1546409144;2790;м.Чеховская
Patagonia штормовая куртка;https://www.avito.ru/moskva/odezhda_obuv_aksessuary/patagonia_shtormovaya_kurtka_1214740454;7500;м.Свиблово
Кепка Patagonia P6 Trucker Hat;https://www.avito.ru/moskva/odezhda_obuv_aksessuary/kepka_patagonia_p6_trucker_hat_1192713248;1900;м.Селигерская
Термобелье лонгслив XS Patagonia, б/у;https://www.avito.ru/moskva/odezhda_obuv_aksessuary/termobele_longsliv_xs_patagonia_bu_1442760861;1500;м.Лубянка
Утепленная куртка Patagonia XL;https://www.avito.ru/moskva/odezhda_obuv_aksessuary/uteplennaya_kurtka_patagonia_xl_1245061769;6000;м.Планерная
Продам футболку Patagonia;https://www.avito.ru/moskva/odezhda_obuv_aksessuary/prodam_futbolku_patagonia_1466443378;1100;м.Калужская
Безрукавка Patagonia;https://www.avito.ru/moskva/odezhda_obuv_aksessuary/bezrukavka_patagonia_1230911405;8500;м.Выхино
Куртка Patagonia;https://www.avito.ru/moskva/odezhda_obuv_aksessuary/kurtka_patagonia_1657476960;6000;м.Ховрино
Куртка женская Patagonia Ultralight Down Hoody w's;https://www.avito.ru/moskva/odezhda_obuv_aksessuary/kurtka_zhenskaya_patagonia_ultralight_down_hoody_ws_1362667147;10000;м.Пражская
Вещи пакетомGuess,Springfield,Мехх,Patagonia,Nike;https://www.avito.ru/moskva/odezhda_obuv_aksessuary/veschi_paketomguessspringfieldmehhpatagonianike_1478535955;100;м.Планерная
Штаны-шорты patagonia;https://www.avito.ru/moskva/odezhda_obuv_aksessuary/shtany-shorty_patagonia_1116413406;1000;м.Октябрьское поле
The North Face Patagonia Berghaus Helly Hansen;https://www.avito.ru/moskva/odezhda_obuv_aksessuary/the_north_face_patagonia_berghaus_helly_hansen_1392320085;3500;м.Перово
Patagonia napapijri fjallraven the north face gant;https://www.avito.ru/moskva/odezhda_obuv_aksessuary/patagonia_napapijri_fjallraven_the_north_face_gant_1007515263;1000;м.Охотный ряд
Куртка patagonia;https://www.avito.ru/moskva_zelenograd/odezhda_obuv_aksessuary/kurtka_patagonia_1599788172;2500;
Куртка Patagonia(США) новая;https://www.avito.ru/moskva/odezhda_obuv_aksessuary/kurtka_patagoniassha_novaya_1124536976;5500;м.Выхино
Patagonia Bivy Vest L reg;https://www.avito.ru/moskva/odezhda_obuv_aksessuary/patagonia_bivy_vest_l_reg_1661895368;8558;м.Раменки
Patagonia футболка made in USA;https://www.avito.ru/moskva/odezhda_obuv_aksessuary/patagonia_futbolka_made_in_usa_1052101508;2552;м.Раменки
Patagonia новая ветровка не промокает не продувает;https://www.avito.ru/moskva/odezhda_obuv_aksessuary/patagonia_novaya_vetrovka_ne_promokaet_ne_produvaet_1578437651;2700;м.Библиотека им. Ленина
Patagonia поло;https://www.avito.ru/moskva/odezhda_obuv_aksessuary/patagonia_polo_1670165022;1100;м.Улица Скобелевская
Кепка бейсболка Patagonia;https://www.avito.ru/moskva/odezhda_obuv_aksessuary/kepka_beysbolka_patagonia_1042082368;2000;м.Беговая
Patagonia;https://www.avito.ru/moskva/odezhda_obuv_aksessuary/patagonia_1426442524;1190;м.Отрадное
Рубашка Patagonia;https://www.avito.ru/moskva/odezhda_obuv_aksessuary/rubashka_patagonia_1647460821;1500;м.Петровско-Разумовская
Новое зимнее пальто Patagonia Lidia;https://www.avito.ru/moskva/odezhda_obuv_aksessuary/novoe_zimnee_palto_patagonia_lidia_866579320;6800;м.Домодедовская
Куртка Patagonia оригинальная;https://www.avito.ru/moskva/odezhda_obuv_aksessuary/kurtka_patagonia_originalnaya_1239724502;14900;м.Киевская
Кофта флисовая Patagonia (L, XL);https://www.avito.ru/moskva/odezhda_obuv_aksessuary/kofta_flisovaya_patagonia_l_xl_1525583426;4000;м.Планерная
Рубашка Patagonia (XL);https://www.avito.ru/moskva/odezhda_obuv_aksessuary/rubashka_patagonia_xl_1661385427;3000;м.Планерная
Patagonia;https://www.avito.ru/moskva/odezhda_obuv_aksessuary/patagonia_860502880;6000;м.Локомотив
Patagonia R;https://www.avito.ru/moskva/odezhda_obuv_aksessuary/patagonia_r_1075052338;1200;м.Академическая
Patagonia. /stone island adidas puma nike;https://www.avito.ru/moskva/odezhda_obuv_aksessuary/patagonia._stone_island_adidas_puma_nike_1723639879;2900;м.Селигерская
Ботинки мужские patagonia;https://www.avito.ru/moskva/odezhda_obuv_aksessuary/botinki_muzhskie_patagonia_1383323292;2900;м.Кунцевская
Штаны для горного туризма Patagonia Gore Tex;https://www.avito.ru/moskva/odezhda_obuv_aksessuary/shtany_dlya_gornogo_turizma_patagonia_gore_tex_1320502376;8499;м.Кунцевская
Куртка Patagonia;https://www.avito.ru/moskva/odezhda_obuv_aksessuary/kurtka_patagonia_1380296759;3000;м.Братиславская
Новый спортивный топ Patagonia XS;https://www.avito.ru/moskva/odezhda_obuv_aksessuary/novyy_sportivnyy_top_patagonia_xs_912920675;1500;м.Ясенево
Helly Hansen Patagonia Tnf Berghaus Polo Sport;https://www.avito.ru/moskva/odezhda_obuv_aksessuary/helly_hansen_patagonia_tnf_berghaus_polo_sport_1644867414;3500;м.Динамо
Пуховик Patagonia;https://www.avito.ru/moskva/odezhda_obuv_aksessuary/puhovik_patagonia_867779103;9000;Москва
Жилет Patagonia оригинал;https://www.avito.ru/moskva/odezhda_obuv_aksessuary/zhilet_patagonia_original_943233328;2000;м.Сходненская
Куртка Patagonia;https://www.avito.ru/moskva/odezhda_obuv_aksessuary/kurtka_patagonia_1624152134;3500;м.Савеловская
"Брюки горнолыжные Patagonia Phiolent Pants 32"" reg";https://www.avito.ru/moskva/odezhda_obuv_aksessuary/bryuki_gornolyzhnye_patagonia_phiolent_pants_32_reg_1691058631;6666;м.Мичуринский проспект
Куртка Patagonia;https://www.avito.ru/moskva/odezhda_obuv_aksessuary/kurtka_patagonia_1598636792;2500;м.Царицыно
Helly Hansen, The North Face, Patagonia;https://www.avito.ru/moskva/odezhda_obuv_aksessuary/helly_hansen_the_north_face_patagonia_1380938786;4000;м.Сретенский бульвар
Шорты Patagonia;https://www.avito.ru/moskva/odezhda_obuv_aksessuary/shorty_patagonia_911245739;700;м.Курская
Женское платье Patagonia, XS;https://www.avito.ru/moskva/odezhda_obuv_aksessuary/zhenskoe_plate_patagonia_xs_842792704;3000;м.Киевская
Рюкзак Patagonia новый;https://www.avito.ru/moskva/odezhda_obuv_aksessuary/ryukzak_patagonia_novyy_1568992268;9900;м.Киевская
Куртка новая Patagonia Insulated Snowshot;https://www.avito.ru/moskva/odezhda_obuv_aksessuary/kurtka_novaya_patagonia_insulated_snowshot_1264387668;10000;м.Нагорная
Куртка Patagonia Insulated;https://www.avito.ru/moskva/odezhda_obuv_aksessuary/kurtka_patagonia_insulated_1086918827;6500;м.Перово
Кофты Adidas, Penfield,Patagonia,Haglоfs,Napapijri;https://www.avito.ru/moskva/odezhda_obuv_aksessuary/kofty_adidas_penfieldpatagoniahaglofsnapapijri_1626955347;1700;м.Сретенский бульвар
Парка Patagonia;https://www.avito.ru/moskva/odezhda_obuv_aksessuary/parka_patagonia_1398833677;3500;м.Автозаводская
Ветровка Patagonia;https://www.avito.ru/moskva/odezhda_obuv_aksessuary/vetrovka_patagonia_1515950068;1500;м.Киевская
Куртка Patagonia;https://www.avito.ru/moskva/odezhda_obuv_aksessuary/kurtka_patagonia_1526036832;10000;м.Планерная
